,state,random_lowercase_letter,bothify,safari,month_name,paragraph,safe_email
94,Pennsylvania,m,53 Kn,"Mozilla/5.0 (Macintosh; PPC Mac OS X 10_11_0 rv:2.0; lo-LA) AppleWebKit/535.13.7 (KHTML, like Gecko) Version/5.1 Safari/535.13.7",January,Beat its gas other positive peace. Even fine grow edge pick bit soon. Hospital television with.,santosgeoffrey@example.com
2,Iowa,o,75 bq,"Mozilla/5.0 (Windows; U; Windows 98; Win 9x 4.90) AppleWebKit/535.22.1 (KHTML, like Gecko) Version/5.0 Safari/535.22.1",April,Write ok power quality exist provide organization. Carry organization stop nearly or option risk. Mother as country wear.,wadepaula@example.net
11,North Carolina,h,61 uX,"Mozilla/5.0 (iPod; U; CPU iPhone OS 4_3 like Mac OS X; da-DK) AppleWebKit/535.13.4 (KHTML, like Gecko) Version/3.0.5 Mobile/8B119 Safari/6535.13.4",June,People you put president power. Structure become success similar also significant.,rosariomartin@example.org
83,Oklahoma,b,66 ST,"Mozilla/5.0 (Windows; U; Windows 95) AppleWebKit/532.32.2 (KHTML, like Gecko) Version/4.0.1 Safari/532.32.2",March,Ask success box last. Former reach finally management company effect. Range research fish. Recently whole road type support job.,mfitzpatrick@example.net
41,Massachusetts,l,36 fC,"Mozilla/5.0 (Macintosh; U; PPC Mac OS X 10_8_9 rv:4.0; yi-US) AppleWebKit/534.38.7 (KHTML, like Gecko) Version/4.0 Safari/534.38.7",August,Or answer successful seat us area resource. Institution financial stage better. Resource professor authority great artist east on up.,julieflores@example.com
38,Nebraska,y,89 tO,"Mozilla/5.0 (iPod; U; CPU iPhone OS 3_0 like Mac OS X; th-TH) AppleWebKit/532.6.1 (KHTML, like Gecko) Version/3.0.5 Mobile/8B119 Safari/6532.6.1",January,Entire win standard grow new before toward. Stop treatment drive drug remember. Project management official.,levinegary@example.org
93,Texas,d,05 Nm,"Mozilla/5.0 (Macintosh; Intel Mac OS X 10_10_2 rv:6.0; mk-MK) AppleWebKit/534.19.2 (KHTML, like Gecko) Version/5.0.5 Safari/534.19.2",February,Try attack investment opportunity.,kimberlyhudson@example.net
42,Texas,w,59 zQ,"Mozilla/5.0 (Macintosh; Intel Mac OS X 10_11_4 rv:4.0; tig-ER) AppleWebKit/532.26.7 (KHTML, like Gecko) Version/5.0.1 Safari/532.26.7",February,Accept until investment. Light southern few.,timothybryant@example.net
75,Hawaii,f,13 xl,"Mozilla/5.0 (Windows; U; Windows 95) AppleWebKit/531.46.5 (KHTML, like Gecko) Version/4.0.1 Safari/531.46.5",September,Civil fine Congress environment necessary American good sure. Job by see traditional research west. Hair add financial child street research along weight.,jacobmarshall@example.net
44,Maine,y,94 CV,"Mozilla/5.0 (Macintosh; PPC Mac OS X 10_12_1 rv:4.0; ve-ZA) AppleWebKit/535.20.3 (KHTML, like Gecko) Version/4.1 Safari/535.20.3",August,Real health never write chance. West involve include rate sound remember performance.,robert91@example.org
51,New Mexico,d,17 od,"Mozilla/5.0 (iPod; U; CPU iPhone OS 3_3 like Mac OS X; gez-ET) AppleWebKit/531.12.4 (KHTML, like Gecko) Version/4.0.5 Mobile/8B115 Safari/6531.12.4",March,Company yeah business. Including investment design theory war leader.,kevingordon@example.org
16,New Mexico,s,17 Vx,"Mozilla/5.0 (Macintosh; PPC Mac OS X 10_11_2 rv:2.0; bem-ZM) AppleWebKit/532.47.3 (KHTML, like Gecko) Version/4.0.5 Safari/532.47.3",January,This who change range. Card Republican expert law. Truth identify participant over. Technology course lead left daughter glass thought.,steven65@example.org
77,Maryland,z,83 hA,"Mozilla/5.0 (Windows; U; Windows NT 4.0) AppleWebKit/534.49.4 (KHTML, like Gecko) Version/5.1 Safari/534.49.4",August,Ahead think food civil produce. Edge everybody own she there value federal drop. Win project heart cup agent each impact owner.,williamnelson@example.org
40,Kansas,j,70 Mv,"Mozilla/5.0 (Macintosh; U; Intel Mac OS X 10_11_0 rv:5.0; ur-IN) AppleWebKit/531.25.2 (KHTML, like Gecko) Version/4.0.4 Safari/531.25.2",July,Talk have collection peace probably. Team big big firm million along people past.,jeffreythompson@example.org
55,Delaware,f,11 Vr,"Mozilla/5.0 (Macintosh; U; PPC Mac OS X 10_10_0 rv:5.0; mai-IN) AppleWebKit/532.22.1 (KHTML, like Gecko) Version/5.0 Safari/532.22.1",January,Response detail see Mrs life. Officer data nothing expert rock director. Power cup name teach common structure item.,annette53@example.net
21,Kansas,h,68 iz,"Mozilla/5.0 (Windows; U; Windows NT 5.0) AppleWebKit/534.17.6 (KHTML, like Gecko) Version/5.0.5 Safari/534.17.6",March,Religious win fund lose. Central career issue project economy front how.,zlopez@example.net
80,Wyoming,a,68 Rx,"Mozilla/5.0 (Macintosh; PPC Mac OS X 10_5_6 rv:2.0; sl-SI) AppleWebKit/531.23.2 (KHTML, like Gecko) Version/4.0.5 Safari/531.23.2",April,Skill claim parent entire avoid office knowledge sign. Report their east any writer rock. Expert mean food able.,crystal06@example.com
57,New York,r,98 Qw,"Mozilla/5.0 (Windows; U; Windows NT 4.0) AppleWebKit/531.37.5 (KHTML, like Gecko) Version/4.0 Safari/531.37.5",January,Mind all like. Explain true whose other. Institution power majority what whom special.,bmichael@example.net
20,Utah,i,90 jT,"Mozilla/5.0 (Windows; U; Windows NT 6.2) AppleWebKit/532.13.4 (KHTML, like Gecko) Version/5.0.3 Safari/532.13.4",January,Involve some around always after field ability. Bank measure instead site amount be. Audience election son hear method arm body note.,fallen@example.org
13,Iowa,j,34 sV,"Mozilla/5.0 (iPod; U; CPU iPhone OS 3_3 like Mac OS X; dv-MV) AppleWebKit/534.24.6 (KHTML, like Gecko) Version/3.0.5 Mobile/8B119 Safari/6534.24.6",July,Thousand recently yeah trouble head. Under at especially traditional common by. Notice soldier pull reach small hope.,nbryant@example.org
62,California,x,80 VC,"Mozilla/5.0 (iPod; U; CPU iPhone OS 4_0 like Mac OS X; szl-PL) AppleWebKit/534.37.6 (KHTML, like Gecko) Version/3.0.5 Mobile/8B118 Safari/6534.37.6",May,Choice clear way yes middle knowledge offer. Cost himself create century hit.,aliciamoran@example.com
88,Wyoming,q,36 xL,"Mozilla/5.0 (Macintosh; Intel Mac OS X 10_10_2 rv:5.0; ko-KR) AppleWebKit/531.34.4 (KHTML, like Gecko) Version/4.0.4 Safari/531.34.4",March,Item style when discussion. After source prevent material. Would card loss rule.,kimberlyfreeman@example.org
52,Maine,c,53 Os,"Mozilla/5.0 (Windows; U; Windows NT 6.2) AppleWebKit/534.17.3 (KHTML, like Gecko) Version/4.1 Safari/534.17.3",August,Collection measure unit follow. Billion right attorney power several.,jordan60@example.net
66,Alaska,j,59 zo,"Mozilla/5.0 (Windows; U; Windows 98) AppleWebKit/533.46.5 (KHTML, like Gecko) Version/4.1 Safari/533.46.5",December,Player lot culture among though push. Debate already turn return enough peace show visit. Hotel same whatever herself article discussion.,kimberly68@example.net
19,Vermont,j,14 dN,"Mozilla/5.0 (Windows; U; Windows 98) AppleWebKit/533.2.4 (KHTML, like Gecko) Version/5.0 Safari/533.2.4",August,Maybe student mouth happy take must once. Raise agent hotel arm member. Child sea fight north tree.,lance47@example.org
78,Delaware,e,31 Av,"Mozilla/5.0 (Macintosh; U; PPC Mac OS X 10_12_6 rv:4.0; lv-LV) AppleWebKit/534.6.1 (KHTML, like Gecko) Version/5.0.4 Safari/534.6.1",June,I organization reason lawyer. Good body land side front understand their. War end effort responsibility lay drug.,martin80@example.com
53,Oregon,d,93 bx,"Mozilla/5.0 (Windows; U; Windows NT 4.0) AppleWebKit/533.11.6 (KHTML, like Gecko) Version/5.0.3 Safari/533.11.6",June,Suffer administration every. Around garden out one growth.,waterscraig@example.com
43,Indiana,a,56 Gs,"Mozilla/5.0 (iPod; U; CPU iPhone OS 3_0 like Mac OS X; so-ET) AppleWebKit/532.5.6 (KHTML, like Gecko) Version/3.0.5 Mobile/8B118 Safari/6532.5.6",November,Few young company time product good. Camera policy grow kid sort Mrs expect.,tim84@example.net
45,Mississippi,w,55 Cv,"Mozilla/5.0 (iPod; U; CPU iPhone OS 4_0 like Mac OS X; bn-IN) AppleWebKit/535.6.7 (KHTML, like Gecko) Version/3.0.5 Mobile/8B115 Safari/6535.6.7",November,Thousand individual person whatever. Fight suddenly ready try big.,joshuapatel@example.org
12,Connecticut,e,72 Qg,"Mozilla/5.0 (Windows; U; Windows NT 5.2) AppleWebKit/534.8.7 (KHTML, like Gecko) Version/5.1 Safari/534.8.7",July,Represent site audience move mission career direction. Expect sign never.,garrettjulia@example.com
0,Alaska,u,96 Km,"Mozilla/5.0 (iPod; U; CPU iPhone OS 3_0 like Mac OS X; hr-HR) AppleWebKit/534.19.1 (KHTML, like Gecko) Version/4.0.5 Mobile/8B118 Safari/6534.19.1",July,Daughter property put later.,holmeslogan@example.com
59,South Carolina,i,73 YM,"Mozilla/5.0 (Windows; U; Windows NT 6.0) AppleWebKit/533.27.3 (KHTML, like Gecko) Version/5.0 Safari/533.27.3",October,Sea government claim evening cut other available. Season indeed say before soon see threat. School international despite policy think pick hair. Every western central plant town your.,danielwright@example.com
76,Georgia,d,82 mt,"Mozilla/5.0 (Macintosh; PPC Mac OS X 10_10_9 rv:3.0; lv-LV) AppleWebKit/533.47.3 (KHTML, like Gecko) Version/5.0.3 Safari/533.47.3",February,Red maybe blue one stage Democrat small. Third respond material would building recently. Type itself eye three perform.,kimberlylucas@example.com
49,Idaho,q,91 As,"Mozilla/5.0 (Windows; U; Windows 95) AppleWebKit/531.44.2 (KHTML, like Gecko) Version/4.0.1 Safari/531.44.2",March,Over dream picture prove cost consumer might floor. Party turn accept later often again. Maintain budget study significant special.,james60@example.net
15,New Jersey,z,89 AR,"Mozilla/5.0 (Windows; U; Windows 95) AppleWebKit/535.36.7 (KHTML, like Gecko) Version/4.0 Safari/535.36.7",July,Minute contain over account prove play. Land option someone amount. Carry really body store education political need.,hblanchard@example.net
26,Nebraska,f,93 cW,"Mozilla/5.0 (Macintosh; PPC Mac OS X 10_12_0 rv:4.0; mr-IN) AppleWebKit/535.46.7 (KHTML, like Gecko) Version/5.0.2 Safari/535.46.7",February,Figure determine why probably fact. Chance everything discuss court within.,stacyjohnson@example.org
6,Alabama,q,20 oh,"Mozilla/5.0 (Windows; U; Windows 95) AppleWebKit/531.45.4 (KHTML, like Gecko) Version/5.0 Safari/531.45.4",March,New ball avoid position yard fast. Call play couple cut small technology.,donaldhogan@example.com
9,Texas,r,65 UI,"Mozilla/5.0 (Macintosh; Intel Mac OS X 10_7_2 rv:2.0; es-HN) AppleWebKit/534.14.3 (KHTML, like Gecko) Version/4.0.4 Safari/534.14.3",May,Organization east ready or. Then direction parent themselves.,montesnicole@example.org
95,North Carolina,y,68 Hd,"Mozilla/5.0 (Macintosh; PPC Mac OS X 10_12_7 rv:6.0; ug-CN) AppleWebKit/531.35.3 (KHTML, like Gecko) Version/4.0 Safari/531.35.3",January,Factor yet wind animal carry. Middle space sense city. Age smile another.,mary89@example.org
58,Montana,m,63 YQ,"Mozilla/5.0 (Macintosh; Intel Mac OS X 10_7_6 rv:3.0; ig-NG) AppleWebKit/531.38.5 (KHTML, like Gecko) Version/5.0.2 Safari/531.38.5",October,Sure easy reflect develop push save. Save imagine lawyer value Mr. Window instead store option.,moorerhonda@example.org
27,Iowa,e,09 Ml,"Mozilla/5.0 (Macintosh; PPC Mac OS X 10_11_5 rv:3.0; mai-IN) AppleWebKit/534.5.5 (KHTML, like Gecko) Version/4.1 Safari/534.5.5",November,Standard make down owner offer. Join adult option idea vote for candidate.,jeffrey65@example.org
3,Oklahoma,k,33 oX,"Mozilla/5.0 (Macintosh; PPC Mac OS X 10_9_8 rv:6.0; sw-KE) AppleWebKit/534.17.7 (KHTML, like Gecko) Version/5.0.2 Safari/534.17.7",December,Tree she long thing religious recently hard but. Commercial dog man floor.,scottashley@example.net
82,Idaho,m,81 VE,"Mozilla/5.0 (Macintosh; U; PPC Mac OS X 10_8_5 rv:5.0; pa-IN) AppleWebKit/535.28.4 (KHTML, like Gecko) Version/4.0 Safari/535.28.4",January,Production hotel wide present your.,laura99@example.org
79,Florida,p,54 CF,"Mozilla/5.0 (iPod; U; CPU iPhone OS 4_1 like Mac OS X; eu-ES) AppleWebKit/532.6.5 (KHTML, like Gecko) Version/3.0.5 Mobile/8B118 Safari/6532.6.5",March,Capital before early newspaper perhaps commercial. Listen seat deal third. Single politics reach control.,igray@example.org
72,West Virginia,j,50 rg,"Mozilla/5.0 (Macintosh; PPC Mac OS X 10_11_0 rv:3.0; mhr-RU) AppleWebKit/531.29.5 (KHTML, like Gecko) Version/4.0.2 Safari/531.29.5",June,Old coach space establish economy us. Before main serve. Eight reflect simply then seven.,wvalencia@example.com
73,Nevada,a,14 fH,"Mozilla/5.0 (Windows; U; Windows NT 5.1) AppleWebKit/532.26.5 (KHTML, like Gecko) Version/5.0.4 Safari/532.26.5",May,Everybody detail magazine majority.,aaronthomas@example.com
97,Delaware,j,78 Tw,"Mozilla/5.0 (Macintosh; U; Intel Mac OS X 10_12_7 rv:6.0; or-IN) AppleWebKit/533.32.4 (KHTML, like Gecko) Version/5.0.3 Safari/533.32.4",December,Visit ahead attention wonder. Then spring think over trip else.,changmary@example.net
17,North Carolina,p,47 Xu,"Mozilla/5.0 (Windows; U; Windows NT 6.2) AppleWebKit/532.24.5 (KHTML, like Gecko) Version/5.1 Safari/532.24.5",July,Particularly difficult drug yes all alone smile. Traditional page scene knowledge street far employee value. Group continue wife provide produce city.,thart@example.org
54,Delaware,o,03 qg,"Mozilla/5.0 (iPod; U; CPU iPhone OS 4_2 like Mac OS X; is-IS) AppleWebKit/535.29.2 (KHTML, like Gecko) Version/3.0.5 Mobile/8B119 Safari/6535.29.2",September,Attention work might. Security quality voice popular piece office.,wellsmark@example.net
96,Washington,s,21 zF,"Mozilla/5.0 (iPod; U; CPU iPhone OS 4_3 like Mac OS X; fi-FI) AppleWebKit/534.39.7 (KHTML, like Gecko) Version/3.0.5 Mobile/8B119 Safari/6534.39.7",June,Including main cold pay. Reason hospital sing history mean list.,david48@example.net
37,Massachusetts,u,90 ji,"Mozilla/5.0 (iPod; U; CPU iPhone OS 4_1 like Mac OS X; ur-IN) AppleWebKit/533.50.2 (KHTML, like Gecko) Version/4.0.5 Mobile/8B114 Safari/6533.50.2",September,Political may source mean task yeah wind. Artist either try everyone forward. Soon these particularly compare statement method chance.,aaronwallace@example.org
89,California,p,82 uU,"Mozilla/5.0 (Windows; U; Windows NT 5.01) AppleWebKit/533.27.2 (KHTML, like Gecko) Version/5.1 Safari/533.27.2",April,Ever church suddenly book. Brother forget family under my nothing perhaps. Month explain strategy.,stephenslisa@example.net
14,Minnesota,q,79 uc,"Mozilla/5.0 (Windows; U; Windows CE) AppleWebKit/531.31.1 (KHTML, like Gecko) Version/5.0.2 Safari/531.31.1",July,Everyone population agreement office college. Along across pressure two fill coach. Treatment cover study collection person yet we. Eight page wall himself sign describe car.,daniel61@example.net
48,Iowa,j,66 eg,"Mozilla/5.0 (iPod; U; CPU iPhone OS 3_1 like Mac OS X; wae-CH) AppleWebKit/535.32.5 (KHTML, like Gecko) Version/3.0.5 Mobile/8B115 Safari/6535.32.5",August,Behavior specific west turn born suffer. Night guy in ten arm.,kylie89@example.com
74,Tennessee,z,87 he,"Mozilla/5.0 (iPod; U; CPU iPhone OS 4_0 like Mac OS X; ha-NG) AppleWebKit/532.32.3 (KHTML, like Gecko) Version/4.0.5 Mobile/8B117 Safari/6532.32.3",June,Call produce grow three win reduce similar. Professional various prove job.,smithanthony@example.org
90,Arkansas,l,84 xE,"Mozilla/5.0 (Macintosh; PPC Mac OS X 10_6_4 rv:5.0; crh-UA) AppleWebKit/535.46.2 (KHTML, like Gecko) Version/4.0.3 Safari/535.46.2",May,Have should PM option use draw. Difference game grow raise benefit.,sean91@example.com
1,New Mexico,x,44 XA,"Mozilla/5.0 (Windows; U; Windows NT 4.0) AppleWebKit/535.25.1 (KHTML, like Gecko) Version/4.0.3 Safari/535.25.1",January,Which interesting then town billion war center. Nice explain entire hope world.,kristinchavez@example.net
81,Alabama,e,89 dT,"Mozilla/5.0 (Macintosh; U; PPC Mac OS X 10_12_0 rv:3.0; aa-DJ) AppleWebKit/534.14.4 (KHTML, like Gecko) Version/5.0.5 Safari/534.14.4",May,Cultural hair western think yard add future.,johnowen@example.com
34,Maine,x,95 yl,"Mozilla/5.0 (Windows; U; Windows NT 4.0) AppleWebKit/534.4.1 (KHTML, like Gecko) Version/5.0.1 Safari/534.4.1",December,Arm couple something despite next. Me feel your pattern meeting.,powellstephanie@example.org
71,Wisconsin,h,40 rn,"Mozilla/5.0 (Windows; U; Windows NT 5.0) AppleWebKit/532.29.5 (KHTML, like Gecko) Version/4.1 Safari/532.29.5",November,Say care resource. Two might half. Half great necessary instead establish various.,jonesjustin@example.org
61,Nevada,u,60 mN,"Mozilla/5.0 (Windows; U; Windows NT 6.2) AppleWebKit/535.49.6 (KHTML, like Gecko) Version/4.0.1 Safari/535.49.6",April,Human physical sing yes practice whom. Hot hear free quality hit.,jmccoy@example.net
60,Texas,n,36 dh,"Mozilla/5.0 (Macintosh; Intel Mac OS X 10_8_8 rv:5.0; cs-CZ) AppleWebKit/531.25.6 (KHTML, like Gecko) Version/4.0.1 Safari/531.25.6",October,Card different professor. Above contain why lay.,joshuagray@example.com
24,Delaware,t,60 Pq,"Mozilla/5.0 (Windows; U; Windows NT 4.0) AppleWebKit/534.39.5 (KHTML, like Gecko) Version/4.0.3 Safari/534.39.5",June,Scene catch form road.,sue11@example.org
64,Iowa,c,55 fu,"Mozilla/5.0 (Macintosh; U; Intel Mac OS X 10_7_7 rv:3.0; ha-NG) AppleWebKit/535.17.1 (KHTML, like Gecko) Version/4.1 Safari/535.17.1",October,Case we around stand right network important country. Job now law could. City kid prove bar son whole.,nataliemckay@example.com
25,North Dakota,z,96 Sp,"Mozilla/5.0 (Windows; U; Windows NT 4.0) AppleWebKit/534.36.7 (KHTML, like Gecko) Version/5.1 Safari/534.36.7",September,Hospital measure allow political again standard. Least everybody professional task those imagine. Pull coach fill mind man central yet bed.,mooreleah@example.net
39,Iowa,c,86 WY,"Mozilla/5.0 (iPod; U; CPU iPhone OS 3_1 like Mac OS X; kn-IN) AppleWebKit/531.21.6 (KHTML, like Gecko) Version/3.0.5 Mobile/8B118 Safari/6531.21.6",July,Out boy trial agree officer. Image quite police that.,onunez@example.com
50,Virginia,t,54 St,"Mozilla/5.0 (Macintosh; Intel Mac OS X 10_9_7 rv:4.0; is-IS) AppleWebKit/534.34.4 (KHTML, like Gecko) Version/5.1 Safari/534.34.4",May,Last society debate happen. Inside turn loss blue case mean appear.,simscynthia@example.net
86,Tennessee,i,61 Xz,"Mozilla/5.0 (Windows; U; Windows NT 6.0) AppleWebKit/531.36.7 (KHTML, like Gecko) Version/4.0.2 Safari/531.36.7",October,History century ball plant. Actually prove local field.,kara57@example.com
46,North Carolina,v,44 JP,"Mozilla/5.0 (Macintosh; U; PPC Mac OS X 10_8_5 rv:3.0; lzh-TW) AppleWebKit/534.20.7 (KHTML, like Gecko) Version/5.0.3 Safari/534.20.7",December,Catch voice within back peace.,matthewpage@example.com
85,Maryland,x,69 XC,"Mozilla/5.0 (iPod; U; CPU iPhone OS 4_1 like Mac OS X; lv-LV) AppleWebKit/531.46.1 (KHTML, like Gecko) Version/4.0.5 Mobile/8B118 Safari/6531.46.1",March,Better building yourself forward the. Daughter note set some hundred stop project. Rule between carry head. However grow decade over direction.,jbaird@example.org
67,Virginia,w,04 dR,"Mozilla/5.0 (Windows; U; Windows 95) AppleWebKit/535.28.5 (KHTML, like Gecko) Version/4.0 Safari/535.28.5",March,Toward wear treatment which full them decide. Moment order despite meet eight.,kevinwiley@example.org
87,Wyoming,y,70 TY,"Mozilla/5.0 (iPod; U; CPU iPhone OS 4_2 like Mac OS X; ln-CD) AppleWebKit/531.39.6 (KHTML, like Gecko) Version/3.0.5 Mobile/8B111 Safari/6531.39.6",August,Mother control artist might. Officer last listen lay share sort.,alexis24@example.org
23,North Dakota,s,66 Lf,"Mozilla/5.0 (Macintosh; U; PPC Mac OS X 10_11_5 rv:2.0; et-EE) AppleWebKit/532.38.5 (KHTML, like Gecko) Version/5.0 Safari/532.38.5",November,Military all service amount society. Final event stand. Yet nor price.,jenniferjohnson@example.net
7,Mississippi,y,01 rk,"Mozilla/5.0 (Windows; U; Windows 95) AppleWebKit/535.39.6 (KHTML, like Gecko) Version/5.0 Safari/535.39.6",December,Store daughter program night lead movement usually left. Him write low too exactly bill they despite. Fish time dog go able room. Medical style car part bill speech let free.,marcia03@example.org
98,Utah,w,58 zk,"Mozilla/5.0 (iPod; U; CPU iPhone OS 4_0 like Mac OS X; sw-TZ) AppleWebKit/533.31.6 (KHTML, like Gecko) Version/4.0.5 Mobile/8B112 Safari/6533.31.6",August,None customer somebody dinner read more particular. Get forget city rest yet office. Alone firm stock place enjoy me hard could.,alvaradomichelle@example.org
92,North Dakota,v,69 vL,"Mozilla/5.0 (Windows; U; Windows NT 6.1) AppleWebKit/534.11.1 (KHTML, like Gecko) Version/5.1 Safari/534.11.1",February,Even maintain international low wide. Nor view education tax. Shoulder measure son life sister exist nation.,ghoward@example.net
69,Vermont,h,22 Bq,"Mozilla/5.0 (Windows; U; Windows NT 5.2) AppleWebKit/532.33.1 (KHTML, like Gecko) Version/4.0 Safari/532.33.1",July,Far three service power oil people. Too teach art bring majority high. Build shake win audience yeah modern heart.,dominguezmelinda@example.org
10,Maine,a,48 Ed,"Mozilla/5.0 (iPod; U; CPU iPhone OS 4_0 like Mac OS X; gv-GB) AppleWebKit/534.1.1 (KHTML, like Gecko) Version/4.0.5 Mobile/8B117 Safari/6534.1.1",October,Tell in property community manage themselves board. Through yourself condition turn garden option describe.,holly12@example.org
47,South Dakota,e,23 YA,"Mozilla/5.0 (Macintosh; PPC Mac OS X 10_7_2 rv:3.0; kn-IN) AppleWebKit/535.41.1 (KHTML, like Gecko) Version/4.1 Safari/535.41.1",December,Staff where central smile garden half husband. Still red allow against decade relate.,kennethrodriguez@example.net
29,Connecticut,f,82 OK,"Mozilla/5.0 (iPod; U; CPU iPhone OS 3_0 like Mac OS X; nan-TW) AppleWebKit/534.47.3 (KHTML, like Gecko) Version/4.0.5 Mobile/8B119 Safari/6534.47.3",November,Former should wall wind list cell. Enter name build put unit forward.,anthonybridges@example.net
70,New Mexico,b,00 tT,"Mozilla/5.0 (Macintosh; Intel Mac OS X 10_6_1 rv:4.0; es-DO) AppleWebKit/535.26.5 (KHTML, like Gecko) Version/5.0 Safari/535.26.5",August,For term government nation. Quality player drop letter.,robertnelson@example.net
91,Wisconsin,l,38 RQ,"Mozilla/5.0 (Macintosh; PPC Mac OS X 10_5_2 rv:4.0; ti-ER) AppleWebKit/533.19.6 (KHTML, like Gecko) Version/5.0 Safari/533.19.6",September,Station special occur should friend place explain. Republican remain listen person keep until. Business either weight defense let test thousand certain.,blee@example.com
32,South Dakota,p,77 WI,"Mozilla/5.0 (Windows; U; Windows CE) AppleWebKit/531.1.6 (KHTML, like Gecko) Version/5.0.5 Safari/531.1.6",February,Man middle herself space foot federal hard. Produce somebody radio response. Land yeah story hair require.,jared51@example.com
18,Nebraska,w,76 Vc,"Mozilla/5.0 (Windows; U; Windows 95) AppleWebKit/534.16.5 (KHTML, like Gecko) Version/4.0.1 Safari/534.16.5",November,Say discover others. To surface cultural include. Response one music strong large imagine determine.,kimberlykramer@example.com
99,Ohio,s,46 UN,"Mozilla/5.0 (Macintosh; U; PPC Mac OS X 10_12_3 rv:6.0; unm-US) AppleWebKit/533.38.6 (KHTML, like Gecko) Version/5.0.4 Safari/533.38.6",December,Fact example thank culture war. Example on kitchen public oil always help. Talk floor pay line particularly pressure.,jortiz@example.org
4,North Carolina,u,03 PI,"Mozilla/5.0 (Macintosh; PPC Mac OS X 10_11_9 rv:4.0; nb-NO) AppleWebKit/531.48.6 (KHTML, like Gecko) Version/5.0.1 Safari/531.48.6",December,Summer explain benefit. Computer none what exactly should effort.,bensonshelley@example.com
65,Wyoming,u,94 rJ,"Mozilla/5.0 (Windows; U; Windows 98) AppleWebKit/533.34.2 (KHTML, like Gecko) Version/4.1 Safari/533.34.2",September,Thing bar section line price. Lose worker although born stuff. Economic position military service reach least.,michellemendoza@example.org
35,Arizona,o,74 zI,"Mozilla/5.0 (iPod; U; CPU iPhone OS 4_2 like Mac OS X; wo-SN) AppleWebKit/535.12.7 (KHTML, like Gecko) Version/4.0.5 Mobile/8B118 Safari/6535.12.7",May,End picture third especially series growth history.,nancy89@example.com
31,Wisconsin,m,18 Sr,"Mozilla/5.0 (iPod; U; CPU iPhone OS 4_3 like Mac OS X; gl-ES) AppleWebKit/534.47.2 (KHTML, like Gecko) Version/4.0.5 Mobile/8B117 Safari/6534.47.2",January,Must conference soon space already field oil. Thought down could. Opportunity many movie impact able writer talk.,velezalbert@example.org
22,West Virginia,b,80 gQ,"Mozilla/5.0 (Macintosh; Intel Mac OS X 10_8_3 rv:2.0; ik-CA) AppleWebKit/534.19.6 (KHTML, like Gecko) Version/4.0.3 Safari/534.19.6",May,Hotel full parent them miss way military.,jonesrebecca@example.com
68,Hawaii,u,13 ow,"Mozilla/5.0 (Windows; U; Windows 95) AppleWebKit/533.13.7 (KHTML, like Gecko) Version/5.0.3 Safari/533.13.7",August,List risk six stay drug old stand trouble. Short who successful heart wrong gun hit. Strategy soldier space myself.,ccaldwell@example.org
30,Nebraska,m,06 Fh,"Mozilla/5.0 (Macintosh; U; PPC Mac OS X 10_10_1 rv:6.0; ml-IN) AppleWebKit/531.5.6 (KHTML, like Gecko) Version/4.0.1 Safari/531.5.6",September,Why before season investment surface their property car. You cause white. Before goal responsibility here.,burkejames@example.net
5,Utah,d,43 ba,"Mozilla/5.0 (iPod; U; CPU iPhone OS 3_2 like Mac OS X; lo-LA) AppleWebKit/531.22.1 (KHTML, like Gecko) Version/4.0.5 Mobile/8B116 Safari/6531.22.1",February,Officer call people dinner newspaper. Management want drop paper blue middle whose lay. End standard too past. Able everyone gun loss item.,connorclay@example.net
36,Mississippi,p,15 dJ,"Mozilla/5.0 (iPod; U; CPU iPhone OS 4_3 like Mac OS X; rw-RW) AppleWebKit/533.46.6 (KHTML, like Gecko) Version/3.0.5 Mobile/8B114 Safari/6533.46.6",July,Another technology performance people. Trip work above realize wife drug.,uvaldez@example.com
56,New Jersey,h,06 xk,"Mozilla/5.0 (iPod; U; CPU iPhone OS 3_0 like Mac OS X; ayc-PE) AppleWebKit/532.42.6 (KHTML, like Gecko) Version/4.0.5 Mobile/8B112 Safari/6532.42.6",November,Make role job east together us loss friend. Network indeed common thus method.,daisygonzales@example.net
