,state,random_lowercase_letter,bothify,pystr,safari,month_name,paragraph,safe_email
0,Alaska,u,96 Km,KnFNrDSRsFNHQwokzYZR,"Mozilla/5.0 (iPod; U; CPU iPhone OS 3_0 like Mac OS X; hr-HR) AppleWebKit/534.19.1 (KHTML, like Gecko) Version/4.0.5 Mobile/8B118 Safari/6534.19.1",July,Daughter property put later.,holmeslogan@example.com
1,New Mexico,x,44 XA,dCGaZsbLWjWXJbEDitxc,"Mozilla/5.0 (Windows; U; Windows NT 4.0) AppleWebKit/535.25.1 (KHTML, like Gecko) Version/4.0.3 Safari/535.25.1",January,Which interesting then town billion war center. Nice explain entire hope world.,kristinchavez@example.net
2,Iowa,o,75 bq,QvIytVfMmozSmuHRGiKt,"Mozilla/5.0 (Windows; U; Windows 98; Win 9x 4.90) AppleWebKit/535.22.1 (KHTML, like Gecko) Version/5.0 Safari/535.22.1",April,Write ok power quality exist provide organization. Carry organization stop nearly or option risk. Mother as country wear.,wadepaula@example.net
3,Oklahoma,k,33 oX,EUTYdqziOrWLoysXnJKw,"Mozilla/5.0 (Macintosh; PPC Mac OS X 10_9_8 rv:6.0; sw-KE) AppleWebKit/534.17.7 (KHTML, like Gecko) Version/5.0.2 Safari/534.17.7",December,Tree she long thing religious recently hard but. Commercial dog man floor.,scottashley@example.net
4,North Carolina,u,03 PI,qzuKcdVLxpUOdPaNJPQl,"Mozilla/5.0 (Macintosh; PPC Mac OS X 10_11_9 rv:4.0; nb-NO) AppleWebKit/531.48.6 (KHTML, like Gecko) Version/5.0.1 Safari/531.48.6",December,Summer explain benefit. Computer none what exactly should effort.,bensonshelley@example.com
5,Utah,d,43 ba,nWspTmgwwnCpLsckMdep,"Mozilla/5.0 (iPod; U; CPU iPhone OS 3_2 like Mac OS X; lo-LA) AppleWebKit/531.22.1 (KHTML, like Gecko) Version/4.0.5 Mobile/8B116 Safari/6531.22.1",February,Officer call people dinner newspaper. Management want drop paper blue middle whose lay. End standard too past. Able everyone gun loss item.,connorclay@example.net
6,Alabama,q,20 oh,EaUjxlgfHyGaLWZqjMaR,"Mozilla/5.0 (Windows; U; Windows 95) AppleWebKit/531.45.4 (KHTML, like Gecko) Version/5.0 Safari/531.45.4",March,New ball avoid position yard fast. Call play couple cut small technology.,donaldhogan@example.com
7,Mississippi,y,01 rk,hxhaXOmIRrTgCKLlcMZh,"Mozilla/5.0 (Windows; U; Windows 95) AppleWebKit/535.39.6 (KHTML, like Gecko) Version/5.0 Safari/535.39.6",December,Store daughter program night lead movement usually left. Him write low too exactly bill they despite. Fish time dog go able room. Medical style car part bill speech let free.,marcia03@example.org
8,Michigan,y,05 GR,cSwXujbVwhYHnTRooUYV,"Mozilla/5.0 (iPod; U; CPU iPhone OS 4_2 like Mac OS X; sd-IN) AppleWebKit/534.9.1 (KHTML, like Gecko) Version/4.0.5 Mobile/8B111 Safari/6534.9.1",January,House laugh industry carry who peace. However economic artist have including pay mother.,wwatson@example.com
9,Texas,r,65 UI,CxETUJzAZCCmYAXivQYF,"Mozilla/5.0 (Macintosh; Intel Mac OS X 10_7_2 rv:2.0; es-HN) AppleWebKit/534.14.3 (KHTML, like Gecko) Version/4.0.4 Safari/534.14.3",May,Organization east ready or. Then direction parent themselves.,montesnicole@example.org
10,Maine,a,48 Ed,EMztcShevEjDFiJwNaSM,"Mozilla/5.0 (iPod; U; CPU iPhone OS 4_0 like Mac OS X; gv-GB) AppleWebKit/534.1.1 (KHTML, like Gecko) Version/4.0.5 Mobile/8B117 Safari/6534.1.1",October,Tell in property community manage themselves board. Through yourself condition turn garden option describe.,holly12@example.org
11,North Carolina,h,61 uX,GsdoBZBGwEgHalSVLloM,"Mozilla/5.0 (iPod; U; CPU iPhone OS 4_3 like Mac OS X; da-DK) AppleWebKit/535.13.4 (KHTML, like Gecko) Version/3.0.5 Mobile/8B119 Safari/6535.13.4",June,People you put president power. Structure become success similar also significant.,rosariomartin@example.org
12,Connecticut,e,72 Qg,oVlJAoYumYmuBfwkKBVR,"Mozilla/5.0 (Windows; U; Windows NT 5.2) AppleWebKit/534.8.7 (KHTML, like Gecko) Version/5.1 Safari/534.8.7",July,Represent site audience move mission career direction. Expect sign never.,garrettjulia@example.com
13,Illinois,j,34 sV,BWViskCJJbCYNfUFyRYu,"Mozilla/5.0 (iPod; U; CPU iPhone OS 3_3 like Mac OS X; dv-MV) AppleWebKit/534.24.6 (KHTML, like Gecko) Version/3.0.5 Mobile/8B119 Safari/6534.24.6",July,Thousand recently yeah trouble head. Under at especially traditional common by. Notice soldier pull reach small hope.,nbryant@example.org
14,Minnesota,q,79 uc,tStwipXMEgLUFvhRzIbf,"Mozilla/5.0 (Windows; U; Windows CE) AppleWebKit/531.31.1 (KHTML, like Gecko) Version/5.0.2 Safari/531.31.1",July,Everyone population agreement office college. Along across pressure two fill coach. Treatment cover study collection person yet we. Eight page wall himself sign describe car.,daniel61@example.net
15,New Jersey,z,89 AR,fakiyXFhMTKRhtbNOBqo,"Mozilla/5.0 (Windows; U; Windows 95) AppleWebKit/535.36.7 (KHTML, like Gecko) Version/4.0 Safari/535.36.7",July,Minute contain over account prove play. Land option someone amount. Carry really body store education political need.,hblanchard@example.net
16,New Mexico,s,17 Vx,DSZFiUCJomFixkQwmvQr,"Mozilla/5.0 (Macintosh; PPC Mac OS X 10_11_2 rv:2.0; bem-ZM) AppleWebKit/532.47.3 (KHTML, like Gecko) Version/4.0.5 Safari/532.47.3",January,This who change range. Card Republican expert law. Truth identify participant over. Technology course lead left daughter glass thought.,steven65@example.org
17,North Carolina,p,47 Xu,WzvBETnibllIUDmAQkdn,"Mozilla/5.0 (Windows; U; Windows NT 6.2) AppleWebKit/532.24.5 (KHTML, like Gecko) Version/5.1 Safari/532.24.5",July,Particularly difficult drug yes all alone smile. Traditional page scene knowledge street far employee value. Group continue wife provide produce city.,thart@example.org
18,Nebraska,w,76 Vc,ZsRCjXvRGBAfEPdPAlaj,"Mozilla/5.0 (Windows; U; Windows 95) AppleWebKit/534.16.5 (KHTML, like Gecko) Version/4.0.1 Safari/534.16.5",November,Say discover others. To surface cultural include. Response one music strong large imagine determine.,kimberlykramer@example.com
19,Vermont,j,14 dN,eXdbxdCAeuEtjHTNoGmO,"Mozilla/5.0 (Windows; U; Windows 98) AppleWebKit/533.2.4 (KHTML, like Gecko) Version/5.0 Safari/533.2.4",August,Maybe student mouth happy take must once. Raise agent hotel arm member. Child sea fight north tree.,lance47@example.org
20,Utah,i,90 jT,CVbGYtctCpWxFcIRCoIG,"Mozilla/5.0 (Windows; U; Windows NT 6.2) AppleWebKit/532.13.4 (KHTML, like Gecko) Version/5.0.3 Safari/532.13.4",January,Involve some around always after field ability. Bank measure instead site amount be. Audience election son hear method arm body note.,fallen@example.org
21,Kansas,h,68 iz,ksbZHnGwStpDrZQhBpzJ,"Mozilla/5.0 (Windows; U; Windows NT 5.0) AppleWebKit/534.17.6 (KHTML, like Gecko) Version/5.0.5 Safari/534.17.6",March,Religious win fund lose. Central career issue project economy front how.,zlopez@example.net
22,West Virginia,b,80 gQ,NCbYmSFMZQVPKPTjrXUy,"Mozilla/5.0 (Macintosh; Intel Mac OS X 10_8_3 rv:2.0; ik-CA) AppleWebKit/534.19.6 (KHTML, like Gecko) Version/4.0.3 Safari/534.19.6",May,Hotel full parent them miss way military.,jonesrebecca@example.com
23,North Dakota,s,66 Lf,GCdXKfxEiSmzfTSqzNVi,"Mozilla/5.0 (Macintosh; U; PPC Mac OS X 10_11_5 rv:2.0; et-EE) AppleWebKit/532.38.5 (KHTML, like Gecko) Version/5.0 Safari/532.38.5",November,Military all service amount society. Final event stand. Yet nor price.,jenniferjohnson@example.net
24,Delaware,t,60 Pq,NUbJTPIwXrKrScyNkezt,"Mozilla/5.0 (Windows; U; Windows NT 4.0) AppleWebKit/534.39.5 (KHTML, like Gecko) Version/4.0.3 Safari/534.39.5",June,Scene catch form road.,sue11@example.org
25,North Dakota,z,96 Sp,ZJlmCiEwDXGoFWcAByAi,"Mozilla/5.0 (Windows; U; Windows NT 4.0) AppleWebKit/534.36.7 (KHTML, like Gecko) Version/5.1 Safari/534.36.7",September,Hospital measure allow political again standard. Least everybody professional task those imagine. Pull coach fill mind man central yet bed.,mooreleah@example.net
26,Nebraska,f,93 cW,vIOMjNlJlgZCbIsSweQO,"Mozilla/5.0 (Macintosh; PPC Mac OS X 10_12_0 rv:4.0; mr-IN) AppleWebKit/535.46.7 (KHTML, like Gecko) Version/5.0.2 Safari/535.46.7",February,Figure determine why probably fact. Chance everything discuss court within.,stacyjohnson@example.org
27,Illinois,e,09 Ml,ZdZtdYMBQWEwKLRAdZfx,"Mozilla/5.0 (Macintosh; PPC Mac OS X 10_11_5 rv:3.0; mai-IN) AppleWebKit/534.5.5 (KHTML, like Gecko) Version/4.1 Safari/534.5.5",November,Standard make down owner offer. Join adult option idea vote for candidate.,jeffrey65@example.org
28,Maine,q,35 lK,KGfxzRcQTVfIBwPRjUdN,"Mozilla/5.0 (Macintosh; PPC Mac OS X 10_9_2 rv:6.0; da-DK) AppleWebKit/534.41.5 (KHTML, like Gecko) Version/5.0.3 Safari/534.41.5",January,Ok eight view woman address training sea film. Sign class style among reality likely so. Bar cover sell air back. Energy couple market sit fine.,cmoore@example.net
29,Connecticut,f,82 OK,OHcnMASdHynMYVwVCLvs,"Mozilla/5.0 (iPod; U; CPU iPhone OS 3_0 like Mac OS X; nan-TW) AppleWebKit/534.47.3 (KHTML, like Gecko) Version/4.0.5 Mobile/8B119 Safari/6534.47.3",November,Former should wall wind list cell. Enter name build put unit forward.,anthonybridges@example.net
30,Nebraska,m,06 Fh,RxUNxqlLiNPmxNtBwlyJ,"Mozilla/5.0 (Macintosh; U; PPC Mac OS X 10_10_1 rv:6.0; ml-IN) AppleWebKit/531.5.6 (KHTML, like Gecko) Version/4.0.1 Safari/531.5.6",September,Why before season investment surface their property car. You cause white. Before goal responsibility here.,burkejames@example.net
31,Wisconsin,m,18 Sr,JMSieFilpecXPIejrKIL,"Mozilla/5.0 (iPod; U; CPU iPhone OS 4_3 like Mac OS X; gl-ES) AppleWebKit/534.47.2 (KHTML, like Gecko) Version/4.0.5 Mobile/8B117 Safari/6534.47.2",January,Must conference soon space already field oil. Thought down could. Opportunity many movie impact able writer talk.,velezalbert@example.org
32,South Dakota,p,77 WI,FpJssQUESdIxBlJIzxgA,"Mozilla/5.0 (Windows; U; Windows CE) AppleWebKit/531.1.6 (KHTML, like Gecko) Version/5.0.5 Safari/531.1.6",February,Man middle herself space foot federal hard. Produce somebody radio response. Land yeah story hair require.,jared51@example.com
33,Indiana,b,29 pn,vDOUOkZLHFeqyQXuYGfn,"Mozilla/5.0 (iPod; U; CPU iPhone OS 4_2 like Mac OS X; te-IN) AppleWebKit/535.39.7 (KHTML, like Gecko) Version/3.0.5 Mobile/8B118 Safari/6535.39.7",December,Upon lose especially. Itself peace material see control eight.,evansmichelle@example.org
34,Maine,x,95 yl,ivmfEUvlTNBDWPkuQAiM,"Mozilla/5.0 (Windows; U; Windows NT 4.0) AppleWebKit/534.4.1 (KHTML, like Gecko) Version/5.0.1 Safari/534.4.1",December,Arm couple something despite next. Me feel your pattern meeting.,powellstephanie@example.org
35,Arizona,o,74 zI,cbnfGlUVkNUJlcsnRPJz,"Mozilla/5.0 (iPod; U; CPU iPhone OS 4_2 like Mac OS X; wo-SN) AppleWebKit/535.12.7 (KHTML, like Gecko) Version/4.0.5 Mobile/8B118 Safari/6535.12.7",May,End picture third especially series growth history.,nancy89@example.com
36,Mississippi,p,15 dJ,VCSKyWxuKJHIHpoyOzIb,"Mozilla/5.0 (iPod; U; CPU iPhone OS 4_3 like Mac OS X; rw-RW) AppleWebKit/533.46.6 (KHTML, like Gecko) Version/3.0.5 Mobile/8B114 Safari/6533.46.6",July,Another technology performance people. Trip work above realize wife drug.,uvaldez@example.com
37,Massachusetts,u,90 ji,ifiHuTaGzPxJKQEBaELY,"Mozilla/5.0 (iPod; U; CPU iPhone OS 4_1 like Mac OS X; ur-IN) AppleWebKit/533.50.2 (KHTML, like Gecko) Version/4.0.5 Mobile/8B114 Safari/6533.50.2",September,Political may source mean task yeah wind. Artist either try everyone forward. Soon these particularly compare statement method chance.,aaronwallace@example.org
38,Nebraska,y,89 tO,XlBnLHgFqTdpsFdBSxEW,"Mozilla/5.0 (iPod; U; CPU iPhone OS 3_0 like Mac OS X; th-TH) AppleWebKit/532.6.1 (KHTML, like Gecko) Version/3.0.5 Mobile/8B119 Safari/6532.6.1",January,Entire win standard grow new before toward. Stop treatment drive drug remember. Project management official.,levinegary@example.org
39,Iowa,c,86 WY,ANNIWjZIZqXnPJXeBoKt,"Mozilla/5.0 (iPod; U; CPU iPhone OS 3_1 like Mac OS X; kn-IN) AppleWebKit/531.21.6 (KHTML, like Gecko) Version/3.0.5 Mobile/8B118 Safari/6531.21.6",July,Out boy trial agree officer. Image quite police that.,onunez@example.com
40,Kansas,j,70 Mv,xlXRrTSNPEuDNcjDEKrX,"Mozilla/5.0 (Macintosh; U; Intel Mac OS X 10_11_0 rv:5.0; ur-IN) AppleWebKit/531.25.2 (KHTML, like Gecko) Version/4.0.4 Safari/531.25.2",July,Talk have collection peace probably. Team big big firm million along people past.,jeffreythompson@example.org
41,Massachusetts,l,36 fC,YjwLFPsAepfMKNPXaKJE,"Mozilla/5.0 (Macintosh; U; PPC Mac OS X 10_8_9 rv:4.0; yi-US) AppleWebKit/534.38.7 (KHTML, like Gecko) Version/4.0 Safari/534.38.7",August,Or answer successful seat us area resource. Institution financial stage better. Resource professor authority great artist east on up.,julieflores@example.com
42,Texas,w,59 zQ,ngIqKxAAuZVTfyGVyViE,"Mozilla/5.0 (Macintosh; Intel Mac OS X 10_11_4 rv:4.0; tig-ER) AppleWebKit/532.26.7 (KHTML, like Gecko) Version/5.0.1 Safari/532.26.7",February,Accept until investment. Light southern few.,timothybryant@example.net
43,Indiana,a,56 Gs,xgbymRHtHzkHlkYFWqRo,"Mozilla/5.0 (iPod; U; CPU iPhone OS 3_0 like Mac OS X; so-ET) AppleWebKit/532.5.6 (KHTML, like Gecko) Version/3.0.5 Mobile/8B118 Safari/6532.5.6",November,Few young company time product good. Camera policy grow kid sort Mrs expect.,tim84@example.net
44,Maine,y,94 CV,nbKwFDxIyfkEkjtsFQRu,"Mozilla/5.0 (Macintosh; PPC Mac OS X 10_12_1 rv:4.0; ve-ZA) AppleWebKit/535.20.3 (KHTML, like Gecko) Version/4.1 Safari/535.20.3",August,Real health never write chance. West involve include rate sound remember performance.,robert91@example.org
45,Mississippi,w,55 Cv,iTfOigloyUXunnobxNfk,"Mozilla/5.0 (iPod; U; CPU iPhone OS 4_0 like Mac OS X; bn-IN) AppleWebKit/535.6.7 (KHTML, like Gecko) Version/3.0.5 Mobile/8B115 Safari/6535.6.7",November,Thousand individual person whatever. Fight suddenly ready try big.,joshuapatel@example.org
46,North Carolina,v,44 JP,pcHrrBQJSbsoAPUdQIyX,"Mozilla/5.0 (Macintosh; U; PPC Mac OS X 10_8_5 rv:3.0; lzh-TW) AppleWebKit/534.20.7 (KHTML, like Gecko) Version/5.0.3 Safari/534.20.7",December,Catch voice within back peace.,matthewpage@example.com
47,South Dakota,e,23 YA,dEYSZdsOrkbvSqokPQiH,"Mozilla/5.0 (Macintosh; PPC Mac OS X 10_7_2 rv:3.0; kn-IN) AppleWebKit/535.41.1 (KHTML, like Gecko) Version/4.1 Safari/535.41.1",December,Staff where central smile garden half husband. Still red allow against decade relate.,kennethrodriguez@example.net
48,Illinois,j,66 eg,ugMHJWXczSgAiYWwzKts,"Mozilla/5.0 (iPod; U; CPU iPhone OS 3_1 like Mac OS X; wae-CH) AppleWebKit/535.32.5 (KHTML, like Gecko) Version/3.0.5 Mobile/8B115 Safari/6535.32.5",August,Behavior specific west turn born suffer. Night guy in ten arm.,kylie89@example.com
49,Idaho,q,91 As,JUMqxBUlyGxwPoQydFsA,"Mozilla/5.0 (Windows; U; Windows 95) AppleWebKit/531.44.2 (KHTML, like Gecko) Version/4.0.1 Safari/531.44.2",March,Over dream picture prove cost consumer might floor. Party turn accept later often again. Maintain budget study significant special.,james60@example.net
50,Virginia,t,54 St,GgVvAOqStKvEIUkgIntD,"Mozilla/5.0 (Macintosh; Intel Mac OS X 10_9_7 rv:4.0; is-IS) AppleWebKit/534.34.4 (KHTML, like Gecko) Version/5.1 Safari/534.34.4",May,Last society debate happen. Inside turn loss blue case mean appear.,simscynthia@example.net
51,New Mexico,d,17 od,KKSTIILjDlSVLfwxHKHI,"Mozilla/5.0 (iPod; U; CPU iPhone OS 3_3 like Mac OS X; gez-ET) AppleWebKit/531.12.4 (KHTML, like Gecko) Version/4.0.5 Mobile/8B115 Safari/6531.12.4",March,Company yeah business. Including investment design theory war leader.,kevingordon@example.org
52,Maine,c,53 Os,fFleuuXCSCVssZlsMPit,"Mozilla/5.0 (Windows; U; Windows NT 6.2) AppleWebKit/534.17.3 (KHTML, like Gecko) Version/4.1 Safari/534.17.3",August,Collection measure unit follow. Billion right attorney power several.,jordan60@example.net
53,Oregon,d,93 bx,dyJfuXUrMZehnHqSQUox,"Mozilla/5.0 (Windows; U; Windows NT 4.0) AppleWebKit/533.11.6 (KHTML, like Gecko) Version/5.0.3 Safari/533.11.6",June,Suffer administration every. Around garden out one growth.,waterscraig@example.com
54,Delaware,o,03 qg,TUqMTyBPgziIsfvrAZKu,"Mozilla/5.0 (iPod; U; CPU iPhone OS 4_2 like Mac OS X; is-IS) AppleWebKit/535.29.2 (KHTML, like Gecko) Version/3.0.5 Mobile/8B119 Safari/6535.29.2",September,Attention work might. Security quality voice popular piece office.,wellsmark@example.net
55,Delaware,f,11 Vr,zvLuVpBFfABXgSTRbYeQ,"Mozilla/5.0 (Macintosh; U; PPC Mac OS X 10_10_0 rv:5.0; mai-IN) AppleWebKit/532.22.1 (KHTML, like Gecko) Version/5.0 Safari/532.22.1",January,Response detail see Mrs life. Officer data nothing expert rock director. Power cup name teach common structure item.,annette53@example.net
56,New Jersey,h,06 xk,lUYkmLxmIleeRCUdHIgH,"Mozilla/5.0 (iPod; U; CPU iPhone OS 3_0 like Mac OS X; ayc-PE) AppleWebKit/532.42.6 (KHTML, like Gecko) Version/4.0.5 Mobile/8B112 Safari/6532.42.6",November,Make role job east together us loss friend. Network indeed common thus method.,daisygonzales@example.net
57,New York,r,98 Qw,PxNaoayctAKPvRaiDMnZ,"Mozilla/5.0 (Windows; U; Windows NT 4.0) AppleWebKit/531.37.5 (KHTML, like Gecko) Version/4.0 Safari/531.37.5",January,Mind all like. Explain true whose other. Institution power majority what whom special.,bmichael@example.net
58,Montana,m,63 YQ,dgFNBilGzSsKrmcIxSdM,"Mozilla/5.0 (Macintosh; Intel Mac OS X 10_7_6 rv:3.0; ig-NG) AppleWebKit/531.38.5 (KHTML, like Gecko) Version/5.0.2 Safari/531.38.5",October,Sure easy reflect develop push save. Save imagine lawyer value Mr. Window instead store option.,moorerhonda@example.org
59,South Carolina,i,73 YM,DjBJkjyVmXsZwLaqtrGq,"Mozilla/5.0 (Windows; U; Windows NT 6.0) AppleWebKit/533.27.3 (KHTML, like Gecko) Version/5.0 Safari/533.27.3",October,Sea government claim evening cut other available. Season indeed say before soon see threat. School international despite policy think pick hair. Every western central plant town your.,danielwright@example.com
60,Texas,n,36 dh,ncYwedZWYBBFIjZWjNTL,"Mozilla/5.0 (Macintosh; Intel Mac OS X 10_8_8 rv:5.0; cs-CZ) AppleWebKit/531.25.6 (KHTML, like Gecko) Version/4.0.1 Safari/531.25.6",October,Card different professor. Above contain why lay.,joshuagray@example.com
61,Nevada,u,60 mN,MZfhomVQwbVTIFUxRkty,"Mozilla/5.0 (Windows; U; Windows NT 6.2) AppleWebKit/535.49.6 (KHTML, like Gecko) Version/4.0.1 Safari/535.49.6",April,Human physical sing yes practice whom. Hot hear free quality hit.,jmccoy@example.net
62,California,x,80 VC,hbMVCAoiwOTXQJqtsVpf,"Mozilla/5.0 (iPod; U; CPU iPhone OS 4_0 like Mac OS X; szl-PL) AppleWebKit/534.37.6 (KHTML, like Gecko) Version/3.0.5 Mobile/8B118 Safari/6534.37.6",May,Choice clear way yes middle knowledge offer. Cost himself create century hit.,aliciamoran@example.com
63,Nevada,r,09 kn,yEmTfxnPEmpEZyKLkiCC,"Mozilla/5.0 (iPod; U; CPU iPhone OS 4_3 like Mac OS X; hr-HR) AppleWebKit/533.50.7 (KHTML, like Gecko) Version/3.0.5 Mobile/8B115 Safari/6533.50.7",March,Middle family size study cell road management. Drive generation against. Close activity nearly scientist appear gas.,wedwards@example.com
64,Iowa,c,55 fu,AzFUkYmUdUnjqydBJHSx,"Mozilla/5.0 (Macintosh; U; Intel Mac OS X 10_7_7 rv:3.0; ha-NG) AppleWebKit/535.17.1 (KHTML, like Gecko) Version/4.1 Safari/535.17.1",October,Case we around stand right network important country. Job now law could. City kid prove bar son whole.,nataliemckay@example.com
65,Wyoming,u,94 rJ,RCEZqzDZhhALAcFfVYfz,"Mozilla/5.0 (Windows; U; Windows 98) AppleWebKit/533.34.2 (KHTML, like Gecko) Version/4.1 Safari/533.34.2",September,Thing bar section line price. Lose worker although born stuff. Economic position military service reach least.,michellemendoza@example.org
66,Alaska,j,59 zo,FfHVhvKSUsUPtJcHWeIe,"Mozilla/5.0 (Windows; U; Windows 98) AppleWebKit/533.46.5 (KHTML, like Gecko) Version/4.1 Safari/533.46.5",December,Player lot culture among though push. Debate already turn return enough peace show visit. Hotel same whatever herself article discussion.,kimberly68@example.net
67,Virginia,w,04 dR,JeQWfkndMVzVdXNkwYSC,"Mozilla/5.0 (Windows; U; Windows 95) AppleWebKit/535.28.5 (KHTML, like Gecko) Version/4.0 Safari/535.28.5",March,Toward wear treatment which full them decide. Moment order despite meet eight.,kevinwiley@example.org
68,Hawaii,u,13 ow,GiBeaCLmSCoXbuWsMJTZ,"Mozilla/5.0 (Windows; U; Windows 95) AppleWebKit/533.13.7 (KHTML, like Gecko) Version/5.0.3 Safari/533.13.7",August,List risk six stay drug old stand trouble. Short who successful heart wrong gun hit. Strategy soldier space myself.,ccaldwell@example.org
69,Vermont,h,22 Bq,cnlDidjRSOrjpXFrRRfn,"Mozilla/5.0 (Windows; U; Windows NT 5.2) AppleWebKit/532.33.1 (KHTML, like Gecko) Version/4.0 Safari/532.33.1",July,Far three service power oil people. Too teach art bring majority high. Build shake win audience yeah modern heart.,dominguezmelinda@example.org
70,New Mexico,b,00 tT,nRaJmfXxNdzkJvvFasvM,"Mozilla/5.0 (Macintosh; Intel Mac OS X 10_6_1 rv:4.0; es-DO) AppleWebKit/535.26.5 (KHTML, like Gecko) Version/5.0 Safari/535.26.5",August,For term government nation. Quality player drop letter.,robertnelson@example.net
71,Wisconsin,h,40 rn,YzKndpfAEjQokntpwJzX,"Mozilla/5.0 (Windows; U; Windows NT 5.0) AppleWebKit/532.29.5 (KHTML, like Gecko) Version/4.1 Safari/532.29.5",November,Say care resource. Two might half. Half great necessary instead establish various.,jonesjustin@example.org
72,West Virginia,j,50 rg,YPwlnjkphSfAFzPpUNmA,"Mozilla/5.0 (Macintosh; PPC Mac OS X 10_11_0 rv:3.0; mhr-RU) AppleWebKit/531.29.5 (KHTML, like Gecko) Version/4.0.2 Safari/531.29.5",June,Old coach space establish economy us. Before main serve. Eight reflect simply then seven.,wvalencia@example.com
73,Nevada,a,14 fH,hwmWxlGHxNHMXXhPXhrl,"Mozilla/5.0 (Windows; U; Windows NT 5.1) AppleWebKit/532.26.5 (KHTML, like Gecko) Version/5.0.4 Safari/532.26.5",May,Everybody detail magazine majority.,aaronthomas@example.com
74,Tennessee,z,87 he,BNSEatulzwudXbpOffmr,"Mozilla/5.0 (iPod; U; CPU iPhone OS 4_0 like Mac OS X; ha-NG) AppleWebKit/532.32.3 (KHTML, like Gecko) Version/4.0.5 Mobile/8B117 Safari/6532.32.3",June,Call produce grow three win reduce similar. Professional various prove job.,smithanthony@example.org
75,Hawaii,f,13 xl,SqhHQvDisRCaWBWTakAA,"Mozilla/5.0 (Windows; U; Windows 95) AppleWebKit/531.46.5 (KHTML, like Gecko) Version/4.0.1 Safari/531.46.5",September,Civil fine Congress environment necessary American good sure. Job by see traditional research west. Hair add financial child street research along weight.,jacobmarshall@example.net
76,Georgia,d,82 mt,sQvvJzLiWAkNIrgAhZwQ,"Mozilla/5.0 (Macintosh; PPC Mac OS X 10_10_9 rv:3.0; lv-LV) AppleWebKit/533.47.3 (KHTML, like Gecko) Version/5.0.3 Safari/533.47.3",February,Red maybe blue one stage Democrat small. Third respond material would building recently. Type itself eye three perform.,kimberlylucas@example.com
77,Maryland,z,83 hA,JEHcBJxxpOMEwAnqfIvG,"Mozilla/5.0 (Windows; U; Windows NT 4.0) AppleWebKit/534.49.4 (KHTML, like Gecko) Version/5.1 Safari/534.49.4",August,Ahead think food civil produce. Edge everybody own she there value federal drop. Win project heart cup agent each impact owner.,williamnelson@example.org
78,Delaware,e,31 Av,hSLslKfhTDzRKWCEUWwS,"Mozilla/5.0 (Macintosh; U; PPC Mac OS X 10_12_6 rv:4.0; lv-LV) AppleWebKit/534.6.1 (KHTML, like Gecko) Version/5.0.4 Safari/534.6.1",June,I organization reason lawyer. Good body land side front understand their. War end effort responsibility lay drug.,martin80@example.com
79,Florida,p,54 CF,jnukuwXDCjNBTMpCwTAp,"Mozilla/5.0 (iPod; U; CPU iPhone OS 4_1 like Mac OS X; eu-ES) AppleWebKit/532.6.5 (KHTML, like Gecko) Version/3.0.5 Mobile/8B118 Safari/6532.6.5",March,Capital before early newspaper perhaps commercial. Listen seat deal third. Single politics reach control.,igray@example.org
80,Wyoming,a,68 Rx,RFAGpvxabmglVtCgxSvN,"Mozilla/5.0 (Macintosh; PPC Mac OS X 10_5_6 rv:2.0; sl-SI) AppleWebKit/531.23.2 (KHTML, like Gecko) Version/4.0.5 Safari/531.23.2",April,Skill claim parent entire avoid office knowledge sign. Report their east any writer rock. Expert mean food able.,crystal06@example.com
81,Alabama,e,89 dT,NfPErMWyxzzcwgBArCOl,"Mozilla/5.0 (Macintosh; U; PPC Mac OS X 10_12_0 rv:3.0; aa-DJ) AppleWebKit/534.14.4 (KHTML, like Gecko) Version/5.0.5 Safari/534.14.4",May,Cultural hair western think yard add future.,johnowen@example.com
82,Idaho,m,81 VE,MfZDoaJjYiBwmqxDhYdj,"Mozilla/5.0 (Macintosh; U; PPC Mac OS X 10_8_5 rv:5.0; pa-IN) AppleWebKit/535.28.4 (KHTML, like Gecko) Version/4.0 Safari/535.28.4",January,Production hotel wide present your.,laura99@example.org
83,Oklahoma,b,66 ST,DQhwpZaJjZfSaWoObVxZ,"Mozilla/5.0 (Windows; U; Windows 95) AppleWebKit/532.32.2 (KHTML, like Gecko) Version/4.0.1 Safari/532.32.2",March,Ask success box last. Former reach finally management company effect. Range research fish. Recently whole road type support job.,mfitzpatrick@example.net
84,New York,l,09 rW,KPqncuLeaPposAlKYmoE,"Mozilla/5.0 (iPod; U; CPU iPhone OS 4_1 like Mac OS X; ps-AF) AppleWebKit/531.42.7 (KHTML, like Gecko) Version/4.0.5 Mobile/8B112 Safari/6531.42.7",June,Black child base bar probably. Debate real argue nice.,matthewsjill@example.com
85,Maryland,x,69 XC,sBubgiixJAoYMzqNQMNx,"Mozilla/5.0 (iPod; U; CPU iPhone OS 4_1 like Mac OS X; lv-LV) AppleWebKit/531.46.1 (KHTML, like Gecko) Version/4.0.5 Mobile/8B118 Safari/6531.46.1",March,Better building yourself forward the. Daughter note set some hundred stop project. Rule between carry head. However grow decade over direction.,jbaird@example.org
86,Tennessee,i,61 Xz,fbcwEzdecXowffjsTYvE,"Mozilla/5.0 (Windows; U; Windows NT 6.0) AppleWebKit/531.36.7 (KHTML, like Gecko) Version/4.0.2 Safari/531.36.7",October,History century ball plant. Actually prove local field.,kara57@example.com
87,Wyoming,y,70 TY,tbIJQvUHIFIOXYRHDuGK,"Mozilla/5.0 (iPod; U; CPU iPhone OS 4_2 like Mac OS X; ln-CD) AppleWebKit/531.39.6 (KHTML, like Gecko) Version/3.0.5 Mobile/8B111 Safari/6531.39.6",August,Mother control artist might. Officer last listen lay share sort.,alexis24@example.org
88,Wyoming,q,36 xL,WMAyEqeGzWosBNHFeujK,"Mozilla/5.0 (Macintosh; Intel Mac OS X 10_10_2 rv:5.0; ko-KR) AppleWebKit/531.34.4 (KHTML, like Gecko) Version/4.0.4 Safari/531.34.4",March,Item style when discussion. After source prevent material. Would card loss rule.,kimberlyfreeman@example.org
89,California,p,82 uU,GVNHLzUbjYJGhYSNpgGZ,"Mozilla/5.0 (Windows; U; Windows NT 5.01) AppleWebKit/533.27.2 (KHTML, like Gecko) Version/5.1 Safari/533.27.2",April,Ever church suddenly book. Brother forget family under my nothing perhaps. Month explain strategy.,stephenslisa@example.net
90,Arkansas,l,84 xE,lMABWvddjueaqMvsLAwV,"Mozilla/5.0 (Macintosh; PPC Mac OS X 10_6_4 rv:5.0; crh-UA) AppleWebKit/535.46.2 (KHTML, like Gecko) Version/4.0.3 Safari/535.46.2",May,Have should PM option use draw. Difference game grow raise benefit.,sean91@example.com
91,Wisconsin,l,38 RQ,LGPpjmNLCrxKXtmPxFKC,"Mozilla/5.0 (Macintosh; PPC Mac OS X 10_5_2 rv:4.0; ti-ER) AppleWebKit/533.19.6 (KHTML, like Gecko) Version/5.0 Safari/533.19.6",September,Station special occur should friend place explain. Republican remain listen person keep until. Business either weight defense let test thousand certain.,blee@example.com
92,North Dakota,v,69 vL,nmfBQdrCPokURpNHBEwx,"Mozilla/5.0 (Windows; U; Windows NT 6.1) AppleWebKit/534.11.1 (KHTML, like Gecko) Version/5.1 Safari/534.11.1",February,Even maintain international low wide. Nor view education tax. Shoulder measure son life sister exist nation.,ghoward@example.net
93,Texas,d,05 Nm,VVxlzjvEfcbRiHwdzROV,"Mozilla/5.0 (Macintosh; Intel Mac OS X 10_10_2 rv:6.0; mk-MK) AppleWebKit/534.19.2 (KHTML, like Gecko) Version/5.0.5 Safari/534.19.2",February,Try attack investment opportunity.,kimberlyhudson@example.net
94,Pennsylvania,m,53 Kn,EHrAilufBqyMaRJjtwIR,"Mozilla/5.0 (Macintosh; PPC Mac OS X 10_11_0 rv:2.0; lo-LA) AppleWebKit/535.13.7 (KHTML, like Gecko) Version/5.1 Safari/535.13.7",January,Beat its gas other positive peace. Even fine grow edge pick bit soon. Hospital television with.,santosgeoffrey@example.com
95,North Carolina,y,68 Hd,nSEfoGKelkxZEVAMrlsp,"Mozilla/5.0 (Macintosh; PPC Mac OS X 10_12_7 rv:6.0; ug-CN) AppleWebKit/531.35.3 (KHTML, like Gecko) Version/4.0 Safari/531.35.3",January,Factor yet wind animal carry. Middle space sense city. Age smile another.,mary89@example.org
96,Washington,s,21 zF,vwXFhJHXGckcBDSPuMxY,"Mozilla/5.0 (iPod; U; CPU iPhone OS 4_3 like Mac OS X; fi-FI) AppleWebKit/534.39.7 (KHTML, like Gecko) Version/3.0.5 Mobile/8B119 Safari/6534.39.7",June,Including main cold pay. Reason hospital sing history mean list.,david48@example.net
97,Delaware,j,78 Tw,DdniTrlGPBAelhhlYWYl,"Mozilla/5.0 (Macintosh; U; Intel Mac OS X 10_12_7 rv:6.0; or-IN) AppleWebKit/533.32.4 (KHTML, like Gecko) Version/5.0.3 Safari/533.32.4",December,Visit ahead attention wonder. Then spring think over trip else.,changmary@example.net
98,Utah,w,58 zk,GLjZUFXsppDMJAlGgcli,"Mozilla/5.0 (iPod; U; CPU iPhone OS 4_0 like Mac OS X; sw-TZ) AppleWebKit/533.31.6 (KHTML, like Gecko) Version/4.0.5 Mobile/8B112 Safari/6533.31.6",August,None customer somebody dinner read more particular. Get forget city rest yet office. Alone firm stock place enjoy me hard could.,alvaradomichelle@example.org
99,Ohio,s,46 UN,bVAcrsnIdobSXsYwCpqI,"Mozilla/5.0 (Macintosh; U; PPC Mac OS X 10_12_3 rv:6.0; unm-US) AppleWebKit/533.38.6 (KHTML, like Gecko) Version/5.0.4 Safari/533.38.6",December,Fact example thank culture war. Example on kitchen public oil always help. Talk floor pay line particularly pressure.,jortiz@example.org
